model,test_accuracy,test_precision,test_recall,test_f1,test_auc,train_accuracy,train_precision,train_recall,train_f1,train_auc
CatBoost_Baseline,0.7971804511278195,0.6129032258064516,0.8476736775015934,0.7114201658197379,0.8890027881241441,,,,,
MLP_Wide_Best,0.7996240601503759,0.6738078783690394,0.621414913957935,0.646551724137931,0.8714346664981116,0.8585260387290844,0.7816864976720124,0.7221602676437788,0.7507452798940046,0.9260834477808053
MLP_Shallow_Best,0.7977443609022556,0.6857573474001507,0.579987253027406,0.6284530386740331,0.8664356171687551,0.8389264899417184,0.7602264426588751,0.6632149115819659,0.7084148727984344,0.9085570921657642
MLP_Medium_Best,0.794360902255639,0.6498422712933754,0.6564690885914596,0.6531388712745719,0.8608255559299335,0.8459766873472457,0.7345949327494526,0.7482873984387446,0.7413779496488043,0.9137207309758201
MLP_Deep_Best,0.7887218045112782,0.6659209545115585,0.5691523263224985,0.613745704467354,0.8586088536577202,0.878266591464561,0.8251896278003176,0.745260474749084,0.783191026284949,0.9433032989730513
