model,train_accuracy,train_precision,train_recall,train_f1,train_auc,test_accuracy,test_precision,test_recall,test_f1,test_auc
CatBoost,0.8337093438616281,0.6579766985811513,0.90871435399076,0.7632811454569784,0.9321057599474821,0.7971804511278195,0.6129032258064516,0.8476736775015934,0.7114201658197379,0.8890027881241441
XGBoost,0.9036943034404963,0.7660458092121822,0.9697307631033933,0.8559375659143641,0.9786503636379644,0.8013157894736842,0.6266073194856577,0.8075207138304653,0.7056530214424951,0.8864980810725808
LightGBM,0.8798646362098139,0.7265311092170949,0.9506133503265891,0.8236024844720496,0.9661101829283442,0.8013157894736842,0.6237911025145068,0.8221797323135756,0.7093758592246356,0.8859055898244428
RandomForest,0.8993231810490694,0.7644876551106563,0.9520471562848495,0.8480204342273308,0.9763923616892818,0.8039473684210526,0.6352880658436214,0.787125557680051,0.7031027611727868,0.8821108932243095
MLP,0.8675972927241963,0.8087080656673804,0.7220009558706388,0.7628987458968101,0.93384243777794,0.7904135338345865,0.6678994082840237,0.5755258126195029,0.6182814104758644,0.8626743936904696
LogisticRegression,0.7629723632261703,0.5673580786026201,0.8279432850087621,0.6733173544082399,0.8559348383302022,0.7569548872180452,0.5596369922212618,0.8253664754620778,0.667010043780582,0.8475414841574433
LinearSVM,0.759353261891333,0.5632586112629853,0.8206149434443205,0.6680067436130204,0.8516393047625298,0.7567669172932331,0.5599128540305011,0.8189929891650733,0.6651138716356108,0.8433750150161784
